Timestamp,Consent,Current role,Years working with OOP / UML design,Familiarity with AI system quality / maintainability,Exposure to healthcare / medical software systems,"M5 Evaluation: Retrainability & Monitorability [Q1. The separation of ModelManager and MonitoringService supports safe, independent retraining.]",M5 Evaluation: Retrainability & Monitorability [Q2. The rollback(version) method is sufficient to recover from failed deployment.],M5 Evaluation: Retrainability & Monitorability [Q3. MonitoringService tracking methods provide adequate coverage to detect degradation.],M5 Evaluation: Retrainability & Monitorability [Q4. The alertDegradation() method triggering ModelManager is a clean design.],"Q5. What additional attribute or method, if any, would strengthen M5's retrainability or monitorability?",M4 Evaluation: Reproducibility [Q6. AuditLogger captures sufficient info to reconstruct past interpretation sessions.],M4 Evaluation: Reproducibility [Q7. Storing fileHash is necessary for verifying input integrity.],M4 Evaluation: Reproducibility [Q8. AuditLogger design as a separate class is correct for independent audit concerns.],Q9. Is there any data that AuditLogger is currently NOT storing that would be critical?,M2 Evaluation: Explainability & Reproducibility [Q10. explainAbnormality() is correctly placed and has the right parameters.],M2 Evaluation: Explainability & Reproducibility [Q11. RAGEngine.groundResponse() meaningfully supports explainability.],M2 Evaluation: Explainability & Reproducibility [Q12. Using subclasses (Layman/Clinical) is correct for different audiences.],M2 Evaluation: Explainability & Reproducibility [Q13. sessionId/modelVersion + AuditLogger are sufficient for reproduction.],Q14. Is there an explainability concern in this module that the design does NOT address?,M1 & M3 Evaluation [Q15. OCR confidence attribute is a meaningful signal for quality degradation.],M1 & M3 Evaluation [Q16. Redundant fileHash storage is justified for verification.],M1 & M3 Evaluation [Q17. Trend classification labels (Stable/Recovering) contribute to explainability.],M1 & M3 Evaluation [Q18. Independent design of HistoricalAnalyzer from the AI model is correct.],"Overall Characteristic Assessment [Q19. Retrainability: Supports model retraining as a routine, low-risk operation.]",Overall Characteristic Assessment [Q20. Reproducibility: Traces every output via AuditLogger and fileHash.],Overall Characteristic Assessment [Q21. Explainability: Delivers appropriate explainability for medical AI.],Overall Characteristic Assessment [Q22. Monitorability: Design is sufficient to prevent silent AI degradation.],Q23. Which characteristic is LEAST well-supported by the current class design?,Q24. Would you use this class diagram as a reference OOP design for building a similar system?,Q25. Suggest one specific change to the class diagram that would most improve the system.,,,,,
4/15/2026 14:45:16,I have reviewed the MedReport Interpreter class diagram and understand the purpose of the system before proceeding.,AI / ML engineer,1–3 years,Working knowledge,Academic / coursework only,2,3,2,3,,4,5 (Strongly Agree),3,,5 (Strongly Agree),3,4,2,,4,2,4,2,4,4,4,2,Reproducibility,"Yes, with modifications",,,,,,
4/15/2026 17:21:51,I have reviewed the MedReport Interpreter class diagram and understand the purpose of the system before proceeding.,Software engineering student (MS/PhD),Less than 1 year,Working knowledge,,,,,,,,,,,,,,,,,,,,,,,,,,,,,,,
4/15/2026 17:26:06,I have reviewed the MedReport Interpreter class diagram and understand the purpose of the system before proceeding.,Software architect,8+ years,Expert level,Significant experience,1 (Strongly Disagree),1 (Strongly Disagree),2,2,,1 (Strongly Disagree),2,1 (Strongly Disagree),Many scenarios,2,1 (Strongly Disagree),1 (Strongly Disagree),2,It is just 20℅ scalable,1 (Strongly Disagree),2,1 (Strongly Disagree),2,2,1 (Strongly Disagree),2,1 (Strongly Disagree),Monitorability,"Yes, with modifications",,,,,,
4/15/2026 17:55:33,I have reviewed the MedReport Interpreter class diagram and understand the purpose of the system before proceeding.,AI / ML engineer,1–3 years,Working knowledge,Academic / coursework only,3,4,3,4,,5 (Strongly Agree),5 (Strongly Agree),5 (Strongly Agree),,4,3,5 (Strongly Agree),4,,3,3,5 (Strongly Agree),5 (Strongly Agree),3,2,5 (Strongly Agree),5 (Strongly Agree),Retrainability,"Yes, as-is",,,,,,
4/15/2026 18:13:22,I have reviewed the MedReport Interpreter class diagram and understand the purpose of the system before proceeding.,AI / ML engineer,1–3 years,Working knowledge,Academic / coursework only,4,4,3,2,,5 (Strongly Agree),5 (Strongly Agree),4,,4,5 (Strongly Agree),2,4,There shouldn't be different classes for different audiences.,3,3,5 (Strongly Agree),5 (Strongly Agree),4,3,5 (Strongly Agree),5 (Strongly Agree),Explainability,"Yes, with modifications",,,,,,
4/17/2026 17:15:22,I have reviewed the MedReport Interpreter class diagram and understand the purpose of the system before proceeding.,AI / ML engineer,1–3 years,Working knowledge,Some industry exposure,5 (Strongly Agree),4,4,3,,3,5 (Strongly Agree),2,,3,1 (Strongly Disagree),3,3,,2,2,3,5 (Strongly Agree),2,4,3,1 (Strongly Disagree),Explainability,"Yes, with modifications",,,,,,
4/18/2026 12:07:33,I have reviewed the MedReport Interpreter class diagram and understand the purpose of the system before proceeding.,Software engineer / developer,1–3 years,None — first time,Academic / coursework only,4,3,1 (Strongly Disagree),5 (Strongly Agree),,3,1 (Strongly Disagree),5 (Strongly Agree),,1 (Strongly Disagree),4,1 (Strongly Disagree),3,,2,5 (Strongly Agree),3,1 (Strongly Disagree),1 (Strongly Disagree),5 (Strongly Agree),4,2,Reproducibility,"Yes, with modifications",,,,,,
4/18/2026 12:08:51,I have reviewed the MedReport Interpreter class diagram and understand the purpose of the system before proceeding.,Software engineering student (MS/PhD),8+ years,Basic awareness,Some industry exposure,3,1 (Strongly Disagree),2,4,,1 (Strongly Disagree),4,2,,2,5 (Strongly Agree),1 (Strongly Disagree),4,,2,3,1 (Strongly Disagree),3,2,4,1 (Strongly Disagree),5 (Strongly Agree),,"Yes, as-is",,,,,,
4/18/2026 12:10:12,I have reviewed the MedReport Interpreter class diagram and understand the purpose of the system before proceeding.,Healthcare IT professional,Less than 1 year,Expert level,None,1 (Strongly Disagree),5 (Strongly Agree),2,4,,1 (Strongly Disagree),2,5 (Strongly Agree),,5 (Strongly Agree),1 (Strongly Disagree),2,4,,1 (Strongly Disagree),2,4,1 (Strongly Disagree),1 (Strongly Disagree),4,5 (Strongly Agree),1 (Strongly Disagree),Explainability,No,,,,,,
4/18/2026 12:14:59,I have reviewed the MedReport Interpreter class diagram and understand the purpose of the system before proceeding.,Software engineering student (MS/PhD),Less than 1 year,Basic awareness,Academic / coursework only,3,4,5 (Strongly Agree),3,,3,5 (Strongly Agree),4,,2,5 (Strongly Agree),5 (Strongly Agree),3,,3,5 (Strongly Agree),5 (Strongly Agree),4,4,4,5 (Strongly Agree),3,Reproducibility,"Yes, with modifications",,,,,,
4/18/2026 12:28:12,I have reviewed the MedReport Interpreter class diagram and understand the purpose of the system before proceeding.,Software engineering student (MS/PhD),4–7 years,Working knowledge,Academic / coursework only,4,4,4,5 (Strongly Agree),,3,4,4,,5 (Strongly Agree),4,5 (Strongly Agree),5 (Strongly Agree),,4,4,4,4,4,4,4,4,Explainability,"Yes, with modifications",,,,,,
4/18/2026 12:40:05,I have reviewed the MedReport Interpreter class diagram and understand the purpose of the system before proceeding.,Software engineering student (MS/PhD),Less than 1 year,None — first time,Academic / coursework only,2,2,3,2,Modifybality,2,2,2,,2,2,2,2,,2,2,2,2,2,2,2,2,Monitorability,"Yes, with modifications",Not required to improve ,,,,,
4/18/2026 18:24:44,I have reviewed the MedReport Interpreter class diagram and understand the purpose of the system before proceeding.,Software engineering student (MS/PhD),1–3 years,Working knowledge,Some industry exposure,2,1 (Strongly Disagree),1 (Strongly Disagree),2,,2,2,2,,2,2,2,2,,2,2,2,2,1 (Strongly Disagree),3,3,3,Reproducibility,No,,,,,,
4/19/2026 9:11:29,I have reviewed the MedReport Interpreter class diagram and understand the purpose of the system before proceeding.,Software engineering student (MS/PhD),1–3 years,Basic awareness,Academic / coursework only,1 (Strongly Disagree),2,2,2,,2,5 (Strongly Agree),4,Not yet.,3,3,3,3,Don't know.,3,5 (Strongly Agree),4,5 (Strongly Agree),2,5 (Strongly Agree),4,5 (Strongly Agree),Explainability,"Yes, with modifications",I have no resurch on it yet!,,,,,
4/22/2026 11:28:51,I have reviewed the MedReport Interpreter class diagram and understand the purpose of the system before proceeding.,Software engineer / developer,1–3 years,Working knowledge,Academic / coursework only,5 (Strongly Agree),4,4,5 (Strongly Agree),"To improve retrainability and monitoring, we can add an autoRollbackOnFailure() method along with drift detection and proper model data tracking. This method will automatically switch back to the previous stable model if performance goes down (like low accuracy, high latency, or poor business results). Drift detection will help us know when data patterns change so we can retrain the model on time. Also, keeping details like modelVersion, performanceMetrics, and dataVersion makes it easier to track and manage models. Overall, this makes the system more reliable, automatic, and ready for real-world use.",4,5 (Strongly Agree),4,"Yes, AuditLogger should also store some more important data like model version used, input parameters/settings, timestamp, and user ID. Without these, it can be difficult to fully reproduce or understand past interpretation results. Adding this information will make the system more reliable and help in proper auditing and debugging.",5 (Strongly Agree),5 (Strongly Agree),4,5 (Strongly Agree),N/A,5 (Strongly Agree),4,4,5 (Strongly Agree),5 (Strongly Agree),4,4,5 (Strongly Agree),Explainability,"Yes, with modifications",Add an ExplainabilityService class that provides reasons behind model predictions (like feature importance or decision explanation). This will make system more trustworthy and suitable for medical use.,,,,,
4/22/2026 17:48:56,I have reviewed the MedReport Interpreter class diagram and understand the purpose of the system before proceeding.,Software architect,4–7 years,Expert level,Significant experience,3,3,3,,,3,3,3,,5 (Strongly Agree),5 (Strongly Agree),5 (Strongly Agree),5 (Strongly Agree),,5 (Strongly Agree),5 (Strongly Agree),5 (Strongly Agree),5 (Strongly Agree),5 (Strongly Agree),5 (Strongly Agree),5 (Strongly Agree),5 (Strongly Agree),Explainability,"Yes, with modifications",,,,,,
4/22/2026 18:23:04,I have reviewed the MedReport Interpreter class diagram and understand the purpose of the system before proceeding.,Computer Science ,Less than 1 year,Working knowledge,Academic / coursework only,3,3,3,4,,4,4,4,,4,4,4,4,,4,4,3,4,4,4,4,4,Monitorability,"Yes, as-is",,,,,,
4/22/2026 18:41:53,I have reviewed the MedReport Interpreter class diagram and understand the purpose of the system before proceeding.,Software engineering student (UG),Less than 1 year,Working knowledge,Academic / coursework only,1 (Strongly Disagree),2,1 (Strongly Disagree),2,,2,2,2,,1 (Strongly Disagree),2,1 (Strongly Disagree),1 (Strongly Disagree),,1 (Strongly Disagree),2,1 (Strongly Disagree),2,1 (Strongly Disagree),2,2,1 (Strongly Disagree),Reproducibility,"Yes, as-is",,,,,,
4/22/2026 20:15:02,I have reviewed the MedReport Interpreter class diagram and understand the purpose of the system before proceeding.,DevOps Engineer,Less than 1 year,Working knowledge,Some industry exposure,3,5 (Strongly Agree),3,5 (Strongly Agree),,3,5 (Strongly Agree),4,,2,5 (Strongly Agree),4,5 (Strongly Agree),,2,5 (Strongly Agree),4,5 (Strongly Agree),2,3,1 (Strongly Disagree),3,Reproducibility,No,,,,,,
4/22/2026 21:11:57,I have reviewed the MedReport Interpreter class diagram and understand the purpose of the system before proceeding.,Software Engineer,8+ years,Working knowledge,Some industry exposure,4,5 (Strongly Agree),4,5 (Strongly Agree),Adding a retry mechanism for failed deployments and enhancing MonitoringService to track model performance metrics over time would strengthen M5's retrainability and monitorability.,4,5 (Strongly Agree),4,"Currently, AuditLogger does not store user interaction data such as mouse clicks and keystrokes, which could be critical in reproducing certain interpretation sessions.",4,5 (Strongly Agree),4,5 (Strongly Agree),"There is a potential explainability concern in this module related to the transparency of the RAGEngine's decision-making process. The design does not provide a clear understanding of how the engine generates responses, which could lead to mistrust or difficulties in identifying biases.",4,5 (Strongly Agree),4,5 (Strongly Agree),4,5 (Strongly Agree),4,3,Explainability,"Yes, with modifications",Consider adding a separate module for explainability to enhance transparency and model interpretability.,,,,,
4/22/2026 21:22:22,I have reviewed the MedReport Interpreter class diagram and understand the purpose of the system before proceeding.,Senior Software Engineer,4–7 years,Expert level,Significant experience,4,3,4,3,"I would incorporate a formal 'CircuitBreaker' pattern between the MonitoringService and ModelManager to prevent cascading failures during automated retraining loops. Additionally, adding a 'ModelMetadata' object containing training lineage and data drift metrics would improve traceability and auditability.",5 (Strongly Agree),4,5 (Strongly Agree),"The AuditLogger currently lacks full context regarding the state of external dependencies and configuration snapshots at the time of execution. Storing environment variables, versioning of the schema definitions, and a trace ID for distributed request tracking would be critical for post-mortem analysis and total system observability.",4,4,3,5 (Strongly Agree),"The current design lacks a centralized mechanism for lineage tracking of the RAG context chunks. While audit logs capture the response, they do not inherently store the specific retrieved document versions or vector similarity scores, which are critical for debugging hallucinations or unexpected output in complex multi-tenant systems.",5 (Strongly Agree),2,4,5 (Strongly Agree),4,3,2,3,Explainability,"Yes, with modifications","Introduce an Abstract Model Strategy pattern to decouple model lifecycle management from inference logic, facilitating easier retraining and dependency injection.",,,,,
4/22/2026 21:39:36,I have reviewed the MedReport Interpreter class diagram and understand the purpose of the system before proceeding.,Backend Engineer,8+ years,Working knowledge,Some industry exposure,4,3,5 (Strongly Agree),4,"Adding a 'retrain-frequency' attribute to ModelManager and a 'notification-system' method to MonitoringService would strengthen M5's retrainability and monitorability. The 'retrain-frequency' attribute would allow for automatic retraining at specified intervals, while the 'notification-system' method would send alerts to engineers when model performance degrades, ensuring prompt action.",5 (Strongly Agree),5 (Strongly Agree),5 (Strongly Agree),"User identification data, such as username or IP address, would be critical for a more comprehensive audit log. Additionally, storing the specific actions taken during each interpretation session, like which files were accessed or modified, could provide more detailed insights.",3,3,3,3,,3,3,3,3,3,3,3,3,Retrainability,"Yes, as-is",,,,,,
4/22/2026 21:42:20,I have reviewed the MedReport Interpreter class diagram and understand the purpose of the system before proceeding.,Software Architect,8+ years,Expert level,Significant experience,5 (Strongly Agree),4,3,4,Add a confidenceScore attribute to each prediction and a retrainIfNeeded() method that triggers retraining when monitored error rate exceeds a configurable threshold.,5 (Strongly Agree),5 (Strongly Agree),5 (Strongly Agree),"Yes, we should include the executing user’s identity and the full command-line arguments for audit completeness.",4,3,5 (Strongly Agree),3,"Yes, the current design does not capture contextual user intent for explainability, potentially limiting interpretability in clinical settings.",5 (Strongly Agree),4,5 (Strongly Agree),5 (Strongly Agree),4,5 (Strongly Agree),5 (Strongly Agree),4,Monitorability,"Yes, with modifications","Add a dedicated IHealthMonitor interface and a separate monitoring service that hooks into the model's lifecycle events. This decouples monitoring from core logic, enabling independent scaling, better testability, and clearer separation of concerns.",,,,,
4/22/2026 21:45:31,I have reviewed the MedReport Interpreter class diagram and understand the purpose of the system before proceeding.,Full-Stack Developer,4–7 years,Working knowledge,Some industry exposure,4,4,4,5 (Strongly Agree),"Consider adding an anomaly detection method, e.g., detectAnomalies(), along with an attribute like anomalyScoreThreshold to flag unusual predictions early.",4,5 (Strongly Agree),4,"We currently don't capture the timestamp of each audit event, which is critical for tracing.",4,4,5 (Strongly Agree),3,"The module does not capture a structured, human‑readable trace of the RAG engine's grounding decisions, making it difficult for users or auditors to understand why a particular answer was produced.",3,3,3,3,3,3,3,3,Retrainability,"Yes, as-is",,,,,,
4/22/2026 21:49:00,I have reviewed the MedReport Interpreter class diagram and understand the purpose of the system before proceeding.,DevOps Engineer,4–7 years,Working knowledge,Some industry exposure,5 (Strongly Agree),4,4,5 (Strongly Agree),"Introduce a health‑status tagging system on deployed models, coupled with a health‑check API that automatically schedules retraining when key metrics dip below a configurable threshold.",5 (Strongly Agree),4,5 (Strongly Agree),"Yes, it currently does not capture correlation IDs or request headers, which are essential for tracing across services.",4,4,3,4,"The module does not include a systematic audit trail for model input changes, which could hinder reproducibility if data drift or input format changes occur.",5 (Strongly Agree),4,4,3,5 (Strongly Agree),5 (Strongly Agree),4,5 (Strongly Agree),Explainability,"Yes, with modifications",Introduce a dedicated HealthCheck service and expose a health endpoint to allow automated monitoring and alerts.,,,,,
4/22/2026 21:50:41,I have reviewed the MedReport Interpreter class diagram and understand the purpose of the system before proceeding.,Systems engineer,4–7 years,Working knowledge,Some industry exposure,3,3,3,3,,3,3,3,,3,3,3,3,,3,3,3,3,3,3,3,3,Retrainability,"Yes, as-is",,,,,,
4/22/2026 21:53:15,I have reviewed the MedReport Interpreter class diagram and understand the purpose of the system before proceeding.,Junior Software Engineer,1–3 years,Basic awareness,Academic / coursework only,4,3,4,3,Consider adding a method to expose version‑specific performance metrics and a health‑check endpoint that can be polled to verify successful retraining before routing traffic.,3,4,3,"I think it currently doesn't store the user ID or session timestamps, which could be important for tracing who made changes.",4,3,4,3,"The current design does not capture the intermediate reasoning steps taken by the RAG engine, which could make it hard to trace why a particular explanation was generated.",4,3,3,4,3,4,3,3,Explainability,"Yes, with modifications","Add an explicit interface for model versioning and a controlled retraining method, ensuring audit logs capture each retrain event.",,,,,
4/22/2026 21:56:24,I have reviewed the MedReport Interpreter class diagram and understand the purpose of the system before proceeding.,Senior Software Engineer,8+ years,Expert level,Some industry exposure,5 (Strongly Agree),3,4,2,"Add a configurable `retrainPolicy` (e.g., frequency, data freshness criteria) to ModelManager and expose a `healthScore()` method in MonitoringService that aggregates key metrics to trigger proactive retraining.",4,5 (Strongly Agree),5 (Strongly Agree),"The logger omits contextual metadata such as the invoking user's identity, request identifiers, and precise timestamps for each operation, which are essential for full traceability and debugging.",5 (Strongly Agree),4,5 (Strongly Agree),3,"The design does not surface the provenance of the retrieved documents or the weighting logic within RAGEngine.groundResponse(), making it hard to audit why a particular explanation was generated, especially for edge‑case inputs.",4,4,4,4,3,4,2,3,Explainability,"Yes, with modifications",Extract logging and hashing into a dedicated AuditService to separate concerns and improve SRP.,,,,,
4/22/2026 21:59:25,I have reviewed the MedReport Interpreter class diagram and understand the purpose of the system before proceeding.,CI/CD Pipeline Engineer,8+ years,Expert level,Some industry exposure,4,3,3,3,"Add a method scheduleRetrain(criteria) that can trigger automated retraining based on performance thresholds, and expose a currentModelVersion attribute in ModelManager for better traceability.",4,5 (Strongly Agree),5 (Strongly Agree),"AuditLogger currently omits timestamps with timezone, the user identity initiating the session, and relevant environment variables. Capturing these would improve traceability for deployment rollbacks.",4,3,4,5 (Strongly Agree),"The design logs sessionId and modelVersion, but does not capture input data provenance, limiting traceability of why specific decisions are made.",4,4,4,4,3,4,3,5 (Strongly Agree),Retrainability,"Yes, with modifications","Add a DeploymentManager class to orchestrate deployments, handle version rollbacks, and expose hooks for monitoring and audit logging.",,,,,
4/22/2026 22:02:44,I have reviewed the MedReport Interpreter class diagram and understand the purpose of the system before proceeding.,Senior Software Engineer,8+ years,Working knowledge,Significant experience,4,3,4,3,A dedicated 'data_drift_report' method would strengthen monitorability by providing automated diagnostic context before the ModelManager triggers a retraining cycle.,4,5 (Strongly Agree),5 (Strongly Agree),"The AuditLogger currently lacks capture of the specific environment variables and dependency versions present at the time of session execution, which are critical for reproducing legacy system behavior.",4,3,5 (Strongly Agree),4,"The current design lacks a mechanism for handling 'hallucination drift' where the underlying model behavior changes over time, potentially rendering previous audit logs insufficient for exact reproduction of specific RAG outputs.",5 (Strongly Agree),4,5 (Strongly Agree),4,2,4,3,2,Retrainability,"Yes, with modifications","Introduce an Abstract Factory or Strategy pattern for the data ingestion layer to decouple the model pipeline from legacy data formats, significantly improving retrainability.",,,,,
4/22/2026 22:05:13,I have reviewed the MedReport Interpreter class diagram and understand the purpose of the system before proceeding.,AI/ML engineer,Less than 1 year,Expert level,Some industry exposure,3,3,3,3,The inclusion of an automated A/B testing feature would strengthen both retrainability and monitorability.,4,5 (Strongly Agree),3,"We are currently not storing the input data itself, which could be critical if we need to re-run the same input through the model in the future.",2,4,4,5 (Strongly Agree),"The provided design seems to address explainability concerns through its use of RAGEngine and its subclasses for different audiences. However, it might not consider potential model drift or changes in dataset distribution over time, which could impact explainability.",4,2,5 (Strongly Agree),3,5 (Strongly Agree),4,3,2,Reproducibility,No,Incorporating more robust logging mechanisms to enable more comprehensive auditing and monitoring of system performance and model drift.,,,,,
4/22/2026 22:07:37,I have reviewed the MedReport Interpreter class diagram and understand the purpose of the system before proceeding.,Machine Learning Researcher,8+ years,Working knowledge,Some industry exposure,4,3,5 (Strongly Agree),4,Adding a version control system for model tracking and a more detailed logging system for monitoring would strengthen M5's retrainability or monitorability.,5 (Strongly Agree),5 (Strongly Agree),4,"AuditLogger should also store model version, hyperparameters, and dataset metadata to ensure full reproducibility and traceability of experiments.",5 (Strongly Agree),4,5 (Strongly Agree),5 (Strongly Agree),"The current design seems to overlook the potential explainability concern of feature attribution, which is crucial for understanding how the model arrives at its predictions. While the explainAbnormality() function and RAGEngine.groundResponse() provide some insight, they may not fully address the need to attribute specific features to the predicted outcomes, potentially leading to a lack of transparency in the decision-making process.",4,5 (Strongly Agree),4,5 (Strongly Agree),5 (Strongly Agree),5 (Strongly Agree),4,4,Explainability,"Yes, with modifications",Add a tracking module to log model performance metrics and hyperparameters for better experiment tracking and reproducibility.,,,,,
4/22/2026 22:09:37,I have reviewed the MedReport Interpreter class diagram and understand the purpose of the system before proceeding.,Data Scientist (ML Model Deployment),4–7 years,Working knowledge,Some industry exposure,4,3,4,3,"Introduce an automated validation hook (e.g., scheduleValidation()) that runs a validation suite on new data and records confidence intervals or performance metrics, along with a data‑lineage attribute linking each model version to its training dataset snapshot.",4,5 (Strongly Agree),4,"It currently does not log user IDs and precise timestamps for each operation, which are critical for a complete audit trail.",4,3,4,3,"The current design does not provide a mechanism for tracing feature importance back to raw input data for end‑users, limiting granular insight into why specific predictions were made.",4,4,4,4,4,5 (Strongly Agree),3,4,Explainability,"Yes, with modifications","Add a dedicated ModelVersioning component that stores version metadata and supports automated rollback, to strengthen monitorability and reproducibility.",,,,,
4/22/2026 22:11:32,I have reviewed the MedReport Interpreter class diagram and understand the purpose of the system before proceeding.,MLOps engineer,4–7 years,Expert level,Some industry exposure,4,3,4,3,"Add a method like scheduleRetraining(triggerMetrics) that automatically initiates ModelManager retraining when monitored drift exceeds thresholds, and include a dataLineage attribute linking model versions to their source data snapshots.",4,5 (Strongly Agree),4,"The logger currently omits the model version identifier and the exact hyperparameter set used for each run, which are essential for reproducing experiments and tracing model drift.",4,3,4,3,"The design does not capture feature‑level attribution or data‑lineage metadata, so we cannot trace which input features contributed to a given abnormality explanation across model versions.",4,4,4,4,4,5 (Strongly Agree),3,4,Explainability,"Yes, with modifications","Add a dedicated Explainability module (e.g., an ExplainabilityService) that hooks into model inference to generate and store SHAP/LIME reports, making explainability first‑class and easier to audit.",,,,,
4/22/2026 22:12:54,I have reviewed the MedReport Interpreter class diagram and understand the purpose of the system before proceeding.,AI researcher focusing on explainability and fairness,4–7 years,Expert level,Some industry exposure,5 (Strongly Agree),3,4,4,"Include a method to log and expose model explanation metrics (e.g., feature attribution drift) alongside degradation alerts to enhance interpretability of retraining decisions.",4,3,5 (Strongly Agree),"AuditLogger currently does not store the model version, hyperparameter settings, and the exact dataset snapshot used during interpretation, which are essential for full reproducibility.",4,3,4,3,"The design does not expose the reasoning behind the chosen explanations, so users cannot see why a specific rationale was generated or assess its trustworthiness.",4,4,4,4,4,5 (Strongly Agree),5 (Strongly Agree),4,Monitorability,"Yes, with modifications","Add an explicit Explainability interface with methods for generating model rationale and feature importance, integrated into the inference pipeline.",,,,,
4/22/2026 22:14:38,I have reviewed the MedReport Interpreter class diagram and understand the purpose of the system before proceeding.,Healthcare AI ML Engineer,4–7 years,Expert level,Significant experience,3,3,3,3,,3,3,3,,3,3,3,3,,3,3,3,3,3,3,3,3,Retrainability,"Yes, as-is",,,,,,
4/22/2026 22:16:40,I have reviewed the MedReport Interpreter class diagram and understand the purpose of the system before proceeding.,Machine Learning Engineer Intern,Less than 1 year,Basic awareness,Academic / coursework only,4,3,5 (Strongly Agree),4,I would add a scheduled retrain trigger and a health check endpoint that returns metrics.,4,5 (Strongly Agree),4,"I don't think AuditLogger stores the raw input data or the exact model weights used, which would be useful for debugging and full reproducibility.",4,3,4,2,"Yes, the design does not address providing clear, human‑readable explanations for model predictions, and it lacks a validation mechanism to ensure the explanations accurately reflect the model’s reasoning.",4,3,4,2,4,3,3,4,Reproducibility,"Yes, with modifications","Add a MonitoringService class that collects real‑time metrics from all components, logs them centrally, and triggers alerts when performance degrades.",,,,,
4/22/2026 22:18:04,I have reviewed the MedReport Interpreter class diagram and understand the purpose of the system before proceeding.,Senior AI Architect,8+ years,Expert level,Significant experience,5 (Strongly Agree),4,4,5 (Strongly Agree),"I would add a model lineage metadata attribute that captures feature schema, data drift metrics, and training provenance, along with a retrainScheduler method that triggers incremental retraining when performance drops below a threshold. This ensures traceability and automated responsiveness.",4,5 (Strongly Agree),5 (Strongly Agree),"Current AuditLogger does not capture the exact timestamps of user interactions at the UI level, which could be critical for traceability.",4,4,5 (Strongly Agree),3,"The current design omits a comprehensive data‑lineage and version‑tracking system; without automated provenance capture of training data, feature engineering steps, and model checkpoints, reproducing model behavior or explaining shifts over time remains brittle. Additionally, the UI layer lacks a formal explanation interface, so end users cannot directly interrogate the model’s reasoning within the module.",5 (Strongly Agree),4,4,5 (Strongly Agree),5 (Strongly Agree),5 (Strongly Agree),5 (Strongly Agree),5 (Strongly Agree),Explainability,"Yes, with modifications","Add a centralized MonitoringService (e.g., via a dedicated Monitor class) to aggregate metrics and proactively detect silent degradation, decoupling monitoring from application logic.",,,,,
4/22/2026 22:19:28,I have reviewed the MedReport Interpreter class diagram and understand the purpose of the system before proceeding.,AI systems researcher,4–7 years,Expert level,Academic / coursework only,5 (Strongly Agree),3,4,3,"Add a versioned logging attribute to ModelManager that records input data fingerprints, hyperparameters, and training timestamps for each model version, and provide a retrieveTrainingSnapshot(version) method to enable precise rollback, audit, and impact analysis of retraining and monitoring decisions.",4,5 (Strongly Agree),4,"It does not currently store timestamps with timezone info and user role context, which are essential for full reproducibility.",4,3,4,2,"The design does not capture or expose the provenance of external knowledge sources used by the RAG component, so users cannot trace why particular evidence was selected for explanations.",5 (Strongly Agree),5 (Strongly Agree),5 (Strongly Agree),5 (Strongly Agree),4,5 (Strongly Agree),3,4,Explainability,"Yes, with modifications","Add a dedicated Explainability module that generates model‑agnostic explanations (e.g., SHAP values) and links them to the AuditLogger entries, ensuring traceability of explanation generation.",,,,,
4/22/2026 22:20:55,I have reviewed the MedReport Interpreter class diagram and understand the purpose of the system before proceeding.,AI Engineer,4–7 years,Working knowledge,Some industry exposure,5 (Strongly Agree),3,4,3,"Add a method getDriftScore() that returns a continuous drift metric and allow configurable thresholds for alerts, enabling proactive retraining decisions.",5 (Strongly Agree),4,5 (Strongly Agree),"It does not currently log the model version and inference timestamps, which are essential for tracking drift and correlating predictions with model changes.",3,4,2,3,"The design does not capture how data drift or model degradation affects the generated explanations; there is no monitoring of input distribution changes or versioned explanation templates, so explainability may become inaccurate over time.",4,4,4,4,3,4,3,5 (Strongly Agree),Explainability,"Yes, with modifications",Add a dedicated MonitoringService class to aggregate performance metrics and trigger alerts when model drift is detected.,,,,,
4/22/2026 22:22:51,I have reviewed the MedReport Interpreter class diagram and understand the purpose of the system before proceeding.,Clinical Systems Analyst,8+ years,Expert level,Significant experience,5 (Strongly Agree),3,4,4,"Include a versioned model registry with detailed metadata and a continuous health‑check endpoint that reports performance metrics (e.g., drift scores, latency). This enables automated alerts, scheduled retraining triggers, and more granular rollback decisions, enhancing both retrainability and monitorability for patient safety.",5 (Strongly Agree),5 (Strongly Agree),5 (Strongly Agree),"It currently does not record the originating user’s IP address and the precise timestamp of each log entry, both of which are critical for forensic traceability.",4,4,4,4,"The design lacks real‑time justification for model outputs when patient data changes, making it difficult to trace why a specific abnormality flag was raised after a data update.",5 (Strongly Agree),5 (Strongly Agree),4,4,3,5 (Strongly Agree),4,5 (Strongly Agree),Retrainability,"Yes, with modifications",Add a dedicated AuditLogger service interface to decouple logging from business logic and ensure immutable audit trails.,,,,,
4/22/2026 22:24:25,I have reviewed the MedReport Interpreter class diagram and understand the purpose of the system before proceeding.,Clinical Data Analyst,4–7 years,Working knowledge,Significant experience,4,3,4,3,"Adding an automated health‑check routine with versioned performance metrics (e.g., a getMetrics(version) method) and a way to schedule periodic retraining would strengthen M5’s retrainability and monitorability.",4,5 (Strongly Agree),4,"It does not currently store the user’s IP address or precise timestamps of file access, which could be important for security audits.",4,4,5 (Strongly Agree),4,"The current design does not consider potential model bias that could lead to misleading explanations for rare or atypical abnormal patterns, which may affect trust in the output.",4,4,4,4,4,5 (Strongly Agree),3,4,Explainability,"Yes, with modifications",Add an explicit Explainability module that generates patient-friendly feature importance reports.,,,,,
4/22/2026 22:26:14,I have reviewed the MedReport Interpreter class diagram and understand the purpose of the system before proceeding.,Healthcare software engineer,4–7 years,Working knowledge,Significant experience,4,3,4,3,"Add a versioned audit log method (logRetrainEvent(version, metrics, dataSnapshot)) to capture context for each retraining, and expose a health check endpoint that reports monitoring latency and data drift metrics in real time.",4,5 (Strongly Agree),4,"It currently omits the user ID, precise timestamps, and raw request payload, which are needed for full traceability.",4,3,4,3,"The design does not provide a mechanism to surface model confidence or uncertainty alongside explanations, which is needed for regulatory compliance.",5 (Strongly Agree),5 (Strongly Agree),5 (Strongly Agree),5 (Strongly Agree),3,5 (Strongly Agree),4,3,Explainability,"Yes, with modifications","Add a dedicated ExplainabilityService class that produces standardized, clinically validated attribution reports and logs them via the AuditLogger to enhance traceability and regulatory compliance.",,,,,
4/22/2026 22:27:39,I have reviewed the MedReport Interpreter class diagram and understand the purpose of the system before proceeding.,PhD researcher in software engineering,8+ years,Working knowledge,Some industry exposure,4,5 (Strongly Agree),4,4,Implementing automated hyperparameter tuning and incorporating additional logging mechanisms to track model performance over time would further enhance M5's retrainability and monitorability.,4,5 (Strongly Agree),4,"AuditLogger should consider storing additional data such as user identifiers, session timestamps, and input source information to enhance reproducibility and facilitate more comprehensive audits.",4,5 (Strongly Agree),4,3,"There is a potential explainability concern in this module related to the transparency of the RAGEngine's decision-making process. While the explainAbnormality() function and the use of subclasses for different audiences are steps in the right direction, the design does not explicitly address how the AuditLogger's data will be used to provide insight into the model's behavior, particularly in cases where the model's output may not align with expected results. This lack of transparency could lead to difficulties in reproducing and understanding certain outcomes, which might be a concern for users who require a deeper understanding of the system's decision-making process.",4,4,4,4,4,5 (Strongly Agree),4,3,Explainability,"Yes, with modifications",Introduce an additional module for continuous model monitoring and feedback incorporation to enhance explainability and retrainability.,,,,,
4/22/2026 22:29:13,I have reviewed the MedReport Interpreter class diagram and understand the purpose of the system before proceeding.,University Lecturer,8+ years,Working knowledge,Academic / coursework only,4,3,5 (Strongly Agree),4,"To strengthen M5's retrainability or monitorability, an additional attribute or method could be a 'retrainingSchedule' attribute that allows for periodic automated retraining of the model, or a 'trackModelPerformance' method that provides more detailed insights into the model's performance over time.",4,5 (Strongly Agree),4,User login information and specific actions taken during interpretation sessions could be critical for a more comprehensive audit trail.,4,5 (Strongly Agree),4,3,"The current design does address explainability to a certain extent with explainAbnormality() and RAGEngine.groundResponse(), but a concern that is not fully addressed is the transparency of the model's decision-making process for users without a clinical background, potentially requiring additional explanatory features.",4,4,4,4,4,5 (Strongly Agree),4,3,Explainability,"Yes, with modifications","Consider adding a separate ExplanationGenerator class to encapsulate the explainability functionality, making it more modular and reusable.",,,,,
4/22/2026 22:31:50,I have reviewed the MedReport Interpreter class diagram and understand the purpose of the system before proceeding.,Master's student,1–3 years,Basic awareness,Academic / coursework only,4,3,5 (Strongly Agree),4,"One potential addition to M5 could be an attribute that tracks model performance over time, providing a historical context for monitoring and retraining. This could be achieved through a 'performance_log' method that stores key metrics such as accuracy, precision, and recall at each retraining interval. Additionally, implementing automated hyperparameter tuning within the ModelManager could further enhance retrainability by optimizing model parameters for improved performance.",4,5 (Strongly Agree),4,"Currently, AuditLogger does not store user interaction metadata, such as mouse clicks or keystrokes, which could be crucial for reproducing specific interpretation sessions. Additionally, it may be beneficial to log environmental variables, like system configuration or network status, to ensure reproducibility across different setups.",4,5 (Strongly Agree),4,3,"One potential explainability concern in this module that the design does not address is the lack of transparency in the model's decision-making process for edge cases, such as unexpected user input or rare disease diagnoses. The current design focuses on providing explanations for abnormality detection, but it may not provide sufficient insights into the model's reasoning for unusual or unforeseen scenarios.",4,4,4,4,4,5 (Strongly Agree),4,3,Explainability,"Yes, with modifications","I would suggest adding an additional class to handle model interpretability, which would provide more detailed explanations of the AI's decision-making process, thus improving the overall explainability of the system.",,,,,
4/22/2026 22:35:39,I have reviewed the MedReport Interpreter class diagram and understand the purpose of the system before proceeding.,Software researcher,4–7 years,Working knowledge,Some industry exposure,4,3,5 (Strongly Agree),1 (Strongly Disagree),"Implement a version history attribute in the ModelManager to keep track of all model revisions. This would allow for easier rollbacks and a more thorough understanding of how the model has evolved over time, enabling more informed retraining decisions.",2,4,5 (Strongly Agree),"AuditLogger is not storing information about user actions or interactions with the system, which could be critical in certain use cases, such as debugging or security audits.",3,3,3,3,,3,3,3,3,3,3,3,3,Retrainability,"Yes, as-is",,,,,,
4/22/2026 22:36:53,I have reviewed the MedReport Interpreter class diagram and understand the purpose of the system before proceeding.,Academic,8+ years,Expert level,Significant experience,3,3,3,3,,3,3,3,,3,3,3,3,,3,3,3,3,3,3,3,3,Retrainability,"Yes, as-is",,,,,,
4/22/2026 22:38:18,I have reviewed the MedReport Interpreter class diagram and understand the purpose of the system before proceeding.,Computer Science Undergraduate,1–3 years,Basic awareness,Academic / coursework only,4,3,4,3,Adding a versioned model registry with metadata and automated health checks would improve retrainability and monitoring.,4,4,4,"4,4,5,3",3,3,3,3,,3,3,3,3,3,3,3,3,Retrainability,"Yes, as-is",,,,,,
4/22/2026 22:40:09,I have reviewed the MedReport Interpreter class diagram and understand the purpose of the system before proceeding.,CTO,8+ years,Working knowledge,Some industry exposure,4,3,4,3,Introduce a versioned snapshot API for model states and an automated health‑metrics dashboard to surface real‑time degradation signals.,4,3,4,"It currently lacks user ID and session token information, which are essential for linking logs to specific users and reproducing exact request contexts.",4,3,4,3,"The module logs sessionId and modelVersion but does not capture feature‑level provenance or data‑slice diagnostics, so detailed root‑cause tracing for abnormal predictions is not fully addressed.",4,4,4,4,4,3,2,3,Explainability,"Yes, with modifications","Introduce a dedicated ModelVersioning interface and a retraining service layer to separate retraining logic from core classes, enhancing maintainability and testability.",,,,,
4/22/2026 22:41:25,I have reviewed the MedReport Interpreter class diagram and understand the purpose of the system before proceeding.,Product Engineer,4–7 years,Working knowledge,Some industry exposure,4,5 (Strongly Agree),4,3,"I would suggest adding an attribute to track model performance metrics over time, such as accuracy, precision, or recall, and a method to automatically trigger retraining when these metrics fall below a certain threshold.",4,5 (Strongly Agree),4,User identification and timestamp of when the interpretation session occurred could be critical for a more comprehensive audit trail.,4,5 (Strongly Agree),4,3,"The current design does not address the potential explainability concern of feature attribution, which is crucial for understanding how the model arrives at its predictions. This concern is not explicitly addressed by the explainAbnormality() function or the RAGEngine.groundResponse() method.",4,4,4,4,4,5 (Strongly Agree),4,3,Explainability,"Yes, with modifications",Add a ModelEvaluator class to handle retraining and validation metrics.,,,,,
4/22/2026 22:42:51,I have reviewed the MedReport Interpreter class diagram and understand the purpose of the system before proceeding.,QA Engineer,8+ years,Working knowledge,Some industry exposure,4,5 (Strongly Agree),4,4,Adding a retry mechanism for failed deployments and enhancing MonitoringService with more granular tracking metrics would improve M5's retrainability and monitorability.,3,3,3,,3,3,3,3,,3,3,3,3,3,3,3,3,Retrainability,"Yes, as-is",,,,,,
4/22/2026 22:43:54,I have reviewed the MedReport Interpreter class diagram and understand the purpose of the system before proceeding.,Security Engineer,8+ years,Working knowledge,Some industry exposure,4,5 (Strongly Agree),4,3,Adding a version control system for model artifacts and a more detailed logging mechanism for monitoring would enhance traceability and integrity.,5 (Strongly Agree),5 (Strongly Agree),5 (Strongly Agree),"User authentication data, such as login timestamps and IP addresses, as well as more detailed information about the interpretation sessions, like input parameters and version numbers of used libraries.",4,5 (Strongly Agree),4,3,"The design does not explicitly address potential explainability concerns related to data quality issues, such as missing or erroneous input data, which could impact the accuracy of explainability features like explainAbnormality() and RAGEngine.groundResponse().",4,5 (Strongly Agree),4,5 (Strongly Agree),5 (Strongly Agree),5 (Strongly Agree),4,4,Explainability,"Yes, with modifications",Add a logging mechanism for model updates to improve traceability and integrity.,,,,,
4/22/2026 22:46:38,I have reviewed the MedReport Interpreter class diagram and understand the purpose of the system before proceeding.,Freelancer Developer,4–7 years,Working knowledge,Some industry exposure,5 (Strongly Agree),4,5 (Strongly Agree),4,"Adding a method to automatically retrain the model when certain thresholds of data drift or performance degradation are met would strengthen M5's retrainability. Additionally, implementing more granular monitoring metrics and logging would improve monitorability.",5 (Strongly Agree),5 (Strongly Agree),5 (Strongly Agree),"Currently, AuditLogger does not store user interaction timestamps, which could be critical for advanced auditing and analytics.",4,5 (Strongly Agree),4,4,"There is a potential explainability concern with the RAGEngine.groundResponse() function that the current design does not fully address, as it may not provide sufficient transparency into its decision-making process for certain edge cases.",4,4,4,4,5 (Strongly Agree),5 (Strongly Agree),4,5 (Strongly Agree),Explainability,"Yes, with modifications",Add an abstraction layer to separate the data processing logic from the model training logic to improve maintainability and scalability.,,,,,
4/22/2026 22:51:09,I have reviewed the MedReport Interpreter class diagram and understand the purpose of the system before proceeding.,Technical Consultant,8+ years,Working knowledge,Some industry exposure,4,3,4,3,Add a versioned model registry with metadata and health‑check endpoints for continuous monitoring.,4,3,4,"The logger currently omits user identifiers and detailed error codes, which are essential for tracing who initiated actions and diagnosing failures. Including request IDs and operation timestamps would improve audit completeness.",4,3,4,3,"The design does not expose a clear provenance trail for each generated explanation, so auditors cannot easily trace which source documents or model components contributed to a particular explanation.",4,4,4,4,4,5 (Strongly Agree),3,4,Explainability,"Yes, with modifications",Add a dedicated ModelTrainingService class to encapsulate retraining logic and provide a clear API for scheduling and monitoring training jobs.,,,,,
4/22/2026 22:52:11,I have reviewed the MedReport Interpreter class diagram and understand the purpose of the system before proceeding.,Software Engineer,4–7 years,Working knowledge,Some industry exposure,4,3,4,3,Introduce a configurable 'driftThreshold' attribute and an automated 'triggerRetrain()' method in MonitoringService that initiates ModelManager retraining when degradation exceeds the threshold.,4,3,4,"We are not logging the initiating user ID for each session, which is needed for full traceability.",4,3,4,3,"The design lacks clear, user‑friendly explanations for edge‑case predictions, which can leave non‑technical users uncertain about why certain abnormalities are flagged.",4,3,4,3,4,5 (Strongly Agree),3,4,Explainability,"Yes, with modifications",Add an explicit interface for model versioning to streamline retraining workflows.,,,,,
4/22/2026 22:53:20,I have reviewed the MedReport Interpreter class diagram and understand the purpose of the system before proceeding.,Architect,8+ years,Expert level,Significant experience,2,2,3,2,Add a dedicated ModelHealthCheck service with configurable thresholds and automated snapshot versioning for rollbacks.,4,5 (Strongly Agree),5 (Strongly Agree),"The logger omits the authenticated user identifier and detailed operation context (e.g., specific UI actions), which are essential for a complete audit trail.",4,3,4,3,"The design does not provide a clear provenance trail for the clinical knowledge base used by the RAG engine; without versioned snapshots of that data, explanations could become inconsistent after updates, which undermines reproducibility.",4,4,4,4,4,4,2,3,Explainability,"Yes, with modifications",Include a dedicated AuditLogger component and a versioning interface to improve reproducibility and explainability.,,,,,
4/22/2026 22:54:26,I have reviewed the MedReport Interpreter class diagram and understand the purpose of the system before proceeding.,Software Engineer,4–7 years,Working knowledge,Some industry exposure,4,3,3,4,Include a method to fetch historical performance metrics and support incremental checkpointing of model versions to facilitate smoother retraining and monitoring.,4,5 (Strongly Agree),3,"It currently does not record the user ID for each audit entry, which would be important for accountability and tracing actions.",4,3,4,3,"The design does not expose the rationale behind the RAGEngine's grounding decisions, making it hard to trace why specific evidence was selected.",4,3,4,5 (Strongly Agree),4,5 (Strongly Agree),3,3,Explainability,"Yes, with modifications","Add an explicit versioning field to model artifacts and integrate automated health checks that trigger alerts when performance deviates, improving monitorability.",,,,,
4/22/2026 22:55:34,I have reviewed the MedReport Interpreter class diagram and understand the purpose of the system before proceeding.,AI research scientist and senior software engineer in healthcare,8+ years,Expert level,Significant experience,5 (Strongly Agree),4,4,5 (Strongly Agree),Consider adding a getPerformanceBaseline attribute and an evaluateRetrainNeed() method to proactively assess drift and trigger retraining.,5 (Strongly Agree),4,5 (Strongly Agree),"AuditLogger currently omits the execution environment details (e.g., OS version, library versions) and the authenticated user ID for each session. Capturing these would be critical for full reproducibility and accountability.",4,3,4,3,"One gap is the lack of patient‐specific provenance tracking for generated explanations. While sessionId and modelVersion are logged, the system does not capture which underlying data sources or feature attributions contributed to a particular explanation, which can hinder trust for clinicians seeking traceability.",4,3,5 (Strongly Agree),4,4,5 (Strongly Agree),3,4,Explainability,"Yes, with modifications",Add an explicit interface for model versioning and a dedicated ExplainabilityProvider component that generates standardized SHAP/LOSH explanations for predictions.,,,,,
4/22/2026 23:19:14,I have reviewed the MedReport Interpreter class diagram and understand the purpose of the system before proceeding.,Business data analytics,1–3 years,Working knowledge,None,2,1 (Strongly Disagree),2,2,,4,3,2,,,2,4,1 (Strongly Disagree),,2,3,3,2,5 (Strongly Agree),4,4,5 (Strongly Agree),Monitorability,"Yes, as-is",,,,,,
,,,,,,,,,,,,,,,,,,,,,,,,,,,,,,,,,,,
,,,,,,,,,,,,,,,,,,,,,,,,,,,,,,,,,,,
,,,,,,,,,,,,,,,,,,,,,,,,,,,,,,,,,,,
,,,,,,,,,,,,,,,,,,,,,,,,,,,,,,,,,,,
,,,,,,,,,,,,,,,,,,,,,,,,,,,,,,,,,,,
,,,,,,,,,,,,,,,,,,,,,,,,,,,,,,,,,,,
,,,,,,,,,,,,,,,,,,,,,,,,,,,,,,,,,,,
